filename,width,height,format
contact-page-reference.png,802,1961,RGB
artwork/header-logo.png,2172,724,RGBA
artwork/hero-overlay.svg,scalable,scalable,vector
artwork/footer-logo-transparent.png,1899,828,RGBA
artwork/world-map-transparent.png,1774,887,RGBA
artwork/footer-background.svg,scalable,scalable,vector
artwork/prayer-hands.png,1536,1024,RGBA
artwork/icon-badge.svg,scalable,scalable,vector
photos/contact-hero-photo.png,1672,941,RGB
photos/contact-worship-photo.png,1983,793,RGB
icons/check.svg,scalable,scalable,vector
icons/youtube.png,1024,1024,RGBA
icons/whatsapp.png,1024,1024,RGBA
icons/facebook.svg,scalable,scalable,vector
icons/airplane.png,1024,1024,RGBA
icons/phone.png,1024,1024,RGBA
icons/instagram.png,1024,1024,RGBA
icons/handshake.svg,scalable,scalable,vector
icons/envelope.png,1024,1024,RGBA
icons/map-pin.png,1024,1024,RGBA
icons/clock.png,1024,1024,RGBA
icons/globe.svg,scalable,scalable,vector
icons/handshake.png,1024,1024,RGBA
icons/chat.svg,scalable,scalable,vector
icons/arrow-right.svg,scalable,scalable,vector
icons/send.png,1024,1024,RGBA
icons/globe.png,1024,1024,RGBA
icons/phone.svg,scalable,scalable,vector
icons/map-pin.svg,scalable,scalable,vector
icons/location.svg,scalable,scalable,vector
icons/location.png,1024,1024,RGBA
icons/clock.svg,scalable,scalable,vector
icons/microphone.png,1024,1024,RGBA
icons/chevron-down.png,1024,1024,RGBA
icons/tiktok.svg,scalable,scalable,vector
icons/whatsapp.svg,scalable,scalable,vector
icons/instagram.svg,scalable,scalable,vector
icons/envelope.svg,scalable,scalable,vector
icons/microphone.svg,scalable,scalable,vector
icons/heart.svg,scalable,scalable,vector
icons/chevron-down.svg,scalable,scalable,vector
icons/facebook.png,1024,1024,RGBA
icons/arrow-right.png,1024,1024,RGBA
icons/tiktok.png,1024,1024,RGBA
icons/check.png,1024,1024,RGBA
icons/airplane.svg,scalable,scalable,vector
icons/chat.png,1024,1024,RGBA
icons/youtube.svg,scalable,scalable,vector
icons/send.svg,scalable,scalable,vector
icons/heart.png,1024,1024,RGBA
web/contact-hero-photo-mobile.webp,960,540,RGB
web/contact-worship-photo.webp,1983,793,RGB
web/contact-worship-photo-mobile.webp,960,384,RGB
web/contact-hero-photo.webp,1672,941,RGB
