filename,width_px,height_px,color_mode
photos-original/01-story-classroom.png,1536,1024,RGB
photos-original/02-ministry-partners.png,1536,1024,RGB
photos-original/03-leadership-international.png,1536,1024,RGB
photos-original/04-leadership-national.png,1536,1024,RGB
photos-original/05-leadership-partnerships.png,1536,1024,RGB
photos-original/06-harvest-banner.png,2171,724,RGB
photos-original/07-story-early-ministry.png,1536,1024,RGB
photos-original/08-story-mission-generation.png,1536,1024,RGB
photos-original/09-story-school-chaplaincy.png,1536,1024,RGB
photos-original/10-story-ministry-continues.png,1672,941,RGB
photos-original/11-story-renewed-connection.png,1536,1024,RGB
photos-original/12-impact-students.png,1536,1024,RGB
photos-original/13-impact-community-teaching.png,1672,941,RGB
photos-original/14-impact-school.png,1672,941,RGB
photos-original/15-impact-prayer.png,1672,941,RGB
artwork/16-world-map.png,1774,887,RGBA
artwork/17-footer-logo.png,1899,828,RGBA
